{
        "period": 1,
        "verbose": 1, 
        "log_save_path": "log",
	"max_q_size": 1,
        "save_best_only": 0,
	"learning_rate": 0.001,
        "batch_size": 1,
        "epochs": 50,
	"epsilon": 0.00000001,
	"rho": 0.9,
	"decay": 0.0,
	"shared_weight": 1,
	"loss_function": "mean_absolute_error",
	"cost_volume_weight_save_path": "model/shared_cost_weight.hdf5",
	"cost_volume_weight_path": "model/shared_cost_weight.hdf5",
	"linear_output_weight_save_path": "model/shared_linear_output_weight.hdf5",
	"linear_output_weight_path": "model/shared_linear_output_weight.hdf5",  
	"pspath": "prediction"
}
